<?xml version="1.0" encoding="UTF-8"?>
<scene background-color="75 127 190" screen-width="500"
	screen-height="500" screen-distance="100">
	<image screen-width="500" screen-height="500" Nx="500" Ny="500" />
	<camera P0="0 0 0" Vto="0 0 1" Vup="0 -1 0" />
	<ambient-light color="255 191 191" />
	<geometries>
		<sphere center="0 0 100" radius="50" />

		<triangle p0="100 0 100" p1="0 100 100" p2="100 100 100" />
		<triangle p0="-100 0 100" p1="0 100 100" p2="-100 100 100" />
		<triangle p0="100 0 100" p1="0 -100 100" p2="100 -100 100" />
		<triangle p0="-100 0 100" p1="0 -100 100" p2="-100 -100 100" />
	</geometries>
</scene>
